Workbook

Sheet Executive Summary
A1: Touchline Sports Academy — Website & AI Visibility Correction Report | B1: Touchline Sports Academy — Website & AI Visibility Correction Report | C1: Touchline Sports Academy — Website & AI Visibility Correction Report | D1: Touchline Sports Academy — Website & AI Visibility Correction Report | E1: Touchline Sports Academy — Website & AI Visibility Correction Report | F1: Touchline Sports Academy — Website & AI Visibility Correction Report | G1: Touchline Sports Academy — Website & AI Visibility Correction Report | H1: Touchline Sports Academy — Website & AI Visibility Correction Report
A2: Domain reviewed: touchlinesport.ae | Audit date: 16 Aug 2026 | Public website and listing review | B2: Domain reviewed: touchlinesport.ae | Audit date: 16 Aug 2026 | Public website and listing review | C2: Domain reviewed: touchlinesport.ae | Audit date: 16 Aug 2026 | Public website and listing review | D2: Domain reviewed: touchlinesport.ae | Audit date: 16 Aug 2026 | Public website and listing review | E2: Domain reviewed: touchlinesport.ae | Audit date: 16 Aug 2026 | Public website and listing review | F2: Domain reviewed: touchlinesport.ae | Audit date: 16 Aug 2026 | Public website and listing review | G2: Domain reviewed: touchlinesport.ae | Audit date: 16 Aug 2026 | Public website and listing review | H2: Domain reviewed: touchlinesport.ae | Audit date: 16 Aug 2026 | Public website and listing review
A4: Report date | B4: 46250
A6: Total corrections | B6: Critical open | C6: High open | D6: Medium open | E6: Low open | F6: Completed | G6: Progress | H6: Overall status
A7: =COUNTA('Correction Register'!$A$7:$A$26) -> 20 | B7: =COUNTIFS('Correction Register'!$G$7:$G$26,"Critical",'Correction Register'!$H$7:$H$26,"<>Complete") -> 3 | C7: =COUNTIFS('Correction Register'!$G$7:$G$26,"High",'Correction Register'!$H$7:$H$26,"<>Complete") -> 10 | D7: =COUNTIFS('Correction Register'!$G$7:$G$26,"Medium",'Correction Register'!$H$7:$H$26,"<>Complete") -> 5 | E7: =COUNTIFS('Correction Register'!$G$7:$G$26,"Low",'Correction Register'!$H$7:$H$26,"<>Complete") -> 2 | F7: =COUNTIF('Correction Register'!$H$7:$H$26,"Complete") -> 0 | G7: =IF(A7=0,0,F7/A7) -> 0 | H7: =IF(G7=1,"Complete",IF(B7+C7>0,"Action Required","In Progress")) -> Action Required
A10: Key Findings | B10: Key Findings | C10: Key Findings | D10: Key Findings | E10: Key Findings | F10: Key Findings | G10: Key Findings | H10: Key Findings
A11: 1 | B11: Strong foundation | C11: The site is indexed and contains dedicated programme pages, a sitemap, robots.txt, FAQs, structured data and a clear free-trial conversion path.
A12: 2 | B12: Factual consistency | C12: Age ranges, girls-programme status, contact numbers and operating hours are inconsistent across website pages and public listings.
A13: 3 | B13: Evidence quality | C13: Repeated superlatives such as ‘best’, ‘#1’, ‘premier’ and ‘world-class’ should be supported by verifiable evidence or replaced with factual differentiators.
A14: 4 | B14: Local visibility | C14: Separate Al Nahda and Al Warqa pages, accurate map profiles, consistent branch data and branch-specific structured data should strengthen local discovery.
A15: 5 | B15: ChatGPT search access | C15: robots.txt permits several AI agents but should explicitly allow OAI-SearchBot, the OpenAI crawler used for ChatGPT search inclusion.
A18: Recommended Decision | B18: Recommended Decision | C18: Recommended Decision | D18: Recommended Decision | E18: Recommended Decision | F18: Recommended Decision | G18: Recommended Decision | H18: Recommended Decision
A19: Correct critical factual inconsistencies first, then run a 90-day visibility programme using structured website improvements, authentic third-party evidence, local listing consistency and prompt monitoring. A managed AI-visibility subscription should be considered only after the website and public profiles share one verified set of facts. | B19: Correct critical factual inconsistencies first, then run a 90-day visibility programme using structured website improvements, authentic third-party evidence, local listing consistency and prompt monitoring. A managed AI-visibility subscription should be considered only after the website and public profiles share one verified set of facts. | C19: Correct critical factual inconsistencies first, then run a 90-day visibility programme using structured website improvements, authentic third-party evidence, local listing consistency and prompt monitoring. A managed AI-visibility subscription should be considered only after the website and public profiles share one verified set of facts. | D19: Correct critical factual inconsistencies first, then run a 90-day visibility programme using structured website improvements, authentic third-party evidence, local listing consistency and prompt monitoring. A managed AI-visibility subscription should be considered only after the website and public profiles share one verified set of facts. | E19: Correct critical factual inconsistencies first, then run a 90-day visibility programme using structured website improvements, authentic third-party evidence, local listing consistency and prompt monitoring. A managed AI-visibility subscription should be considered only after the website and public profiles share one verified set of facts. | F19: Correct critical factual inconsistencies first, then run a 90-day visibility programme using structured website improvements, authentic third-party evidence, local listing consistency and prompt monitoring. A managed AI-visibility subscription should be considered only after the website and public profiles share one verified set of facts. | G19: Correct critical factual inconsistencies first, then run a 90-day visibility programme using structured website improvements, authentic third-party evidence, local listing consistency and prompt monitoring. A managed AI-visibility subscription should be considered only after the website and public profiles share one verified set of facts. | H19: Correct critical factual inconsistencies first, then run a 90-day visibility programme using structured website improvements, authentic third-party evidence, local listing consistency and prompt monitoring. A managed AI-visibility subscription should be considered only after the website and public profiles share one verified set of facts.
A20: Correct critical factual inconsistencies first, then run a 90-day visibility programme using structured website improvements, authentic third-party evidence, local listing consistency and prompt monitoring. A managed AI-visibility subscription should be considered only after the website and public profiles share one verified set of facts. | B20: Correct critical factual inconsistencies first, then run a 90-day visibility programme using structured website improvements, authentic third-party evidence, local listing consistency and prompt monitoring. A managed AI-visibility subscription should be considered only after the website and public profiles share one verified set of facts. | C20: Correct critical factual inconsistencies first, then run a 90-day visibility programme using structured website improvements, authentic third-party evidence, local listing consistency and prompt monitoring. A managed AI-visibility subscription should be considered only after the website and public profiles share one verified set of facts. | D20: Correct critical factual inconsistencies first, then run a 90-day visibility programme using structured website improvements, authentic third-party evidence, local listing consistency and prompt monitoring. A managed AI-visibility subscription should be considered only after the website and public profiles share one verified set of facts. | E20: Correct critical factual inconsistencies first, then run a 90-day visibility programme using structured website improvements, authentic third-party evidence, local listing consistency and prompt monitoring. A managed AI-visibility subscription should be considered only after the website and public profiles share one verified set of facts. | F20: Correct critical factual inconsistencies first, then run a 90-day visibility programme using structured website improvements, authentic third-party evidence, local listing consistency and prompt monitoring. A managed AI-visibility subscription should be considered only after the website and public profiles share one verified set of facts. | G20: Correct critical factual inconsistencies first, then run a 90-day visibility programme using structured website improvements, authentic third-party evidence, local listing consistency and prompt monitoring. A managed AI-visibility subscription should be considered only after the website and public profiles share one verified set of facts. | H20: Correct critical factual inconsistencies first, then run a 90-day visibility programme using structured website improvements, authentic third-party evidence, local listing consistency and prompt monitoring. A managed AI-visibility subscription should be considered only after the website and public profiles share one verified set of facts.
A21: Correct critical factual inconsistencies first, then run a 90-day visibility programme using structured website improvements, authentic third-party evidence, local listing consistency and prompt monitoring. A managed AI-visibility subscription should be considered only after the website and public profiles share one verified set of facts. | B21: Correct critical factual inconsistencies first, then run a 90-day visibility programme using structured website improvements, authentic third-party evidence, local listing consistency and prompt monitoring. A managed AI-visibility subscription should be considered only after the website and public profiles share one verified set of facts. | C21: Correct critical factual inconsistencies first, then run a 90-day visibility programme using structured website improvements, authentic third-party evidence, local listing consistency and prompt monitoring. A managed AI-visibility subscription should be considered only after the website and public profiles share one verified set of facts. | D21: Correct critical factual inconsistencies first, then run a 90-day visibility programme using structured website improvements, authentic third-party evidence, local listing consistency and prompt monitoring. A managed AI-visibility subscription should be considered only after the website and public profiles share one verified set of facts. | E21: Correct critical factual inconsistencies first, then run a 90-day visibility programme using structured website improvements, authentic third-party evidence, local listing consistency and prompt monitoring. A managed AI-visibility subscription should be considered only after the website and public profiles share one verified set of facts. | F21: Correct critical factual inconsistencies first, then run a 90-day visibility programme using structured website improvements, authentic third-party evidence, local listing consistency and prompt monitoring. A managed AI-visibility subscription should be considered only after the website and public profiles share one verified set of facts. | G21: Correct critical factual inconsistencies first, then run a 90-day visibility programme using structured website improvements, authentic third-party evidence, local listing consistency and prompt monitoring. A managed AI-visibility subscription should be considered only after the website and public profiles share one verified set of facts. | H21: Correct critical factual inconsistencies first, then run a 90-day visibility programme using structured website improvements, authentic third-party evidence, local listing consistency and prompt monitoring. A managed AI-visibility subscription should be considered only after the website and public profiles share one verified set of facts.
A24: Workbook Guide | B24: Workbook Guide | C24: Workbook Guide | D24: Workbook Guide | E24: Workbook Guide | F24: Workbook Guide | G24: Workbook Guide | H24: Workbook Guide
A25: Correction Register | B25: Prioritised findings, evidence, recommended actions, owners, target dates and verification requirements.
A26: Required Inputs | B26: Information the academy must confirm before corrections are implemented.
A27: 90-Day Plan | B27: Practical implementation sequence from fact correction to monitoring and optimisation.
A28: Monitoring Prompts | B28: Fifteen local, high-intent questions to track across leading AI/search platforms.
A29: Sources | B29: Public URLs reviewed and the evidence obtained from each source.

Sheet Correction Register
A1: Correction Register | B1: Correction Register | C1: Correction Register | D1: Correction Register | E1: Correction Register | F1: Correction Register | G1: Correction Register | H1: Correction Register | I1: Correction Register | J1: Correction Register | K1: Correction Register | L1: Correction Register
A2: Update Status, Owner, Verification and Target Date as actions are completed. Target dates are priority-driven from the report date. | B2: Update Status, Owner, Verification and Target Date as actions are completed. Target dates are priority-driven from the report date. | C2: Update Status, Owner, Verification and Target Date as actions are completed. Target dates are priority-driven from the report date. | D2: Update Status, Owner, Verification and Target Date as actions are completed. Target dates are priority-driven from the report date. | E2: Update Status, Owner, Verification and Target Date as actions are completed. Target dates are priority-driven from the report date. | F2: Update Status, Owner, Verification and Target Date as actions are completed. Target dates are priority-driven from the report date. | G2: Update Status, Owner, Verification and Target Date as actions are completed. Target dates are priority-driven from the report date. | H2: Update Status, Owner, Verification and Target Date as actions are completed. Target dates are priority-driven from the report date. | I2: Update Status, Owner, Verification and Target Date as actions are completed. Target dates are priority-driven from the report date. | J2: Update Status, Owner, Verification and Target Date as actions are completed. Target dates are priority-driven from the report date. | K2: Update Status, Owner, Verification and Target Date as actions are completed. Target dates are priority-driven from the report date. | L2: Update Status, Owner, Verification and Target Date as actions are completed. Target dates are priority-driven from the report date.
A4: Priority key: Critical = correct within 7 days | High = 14 days | Medium = 30 days | Low = 45 days | B4: Priority key: Critical = correct within 7 days | High = 14 days | Medium = 30 days | Low = 45 days | C4: Priority key: Critical = correct within 7 days | High = 14 days | Medium = 30 days | Low = 45 days | D4: Priority key: Critical = correct within 7 days | High = 14 days | Medium = 30 days | Low = 45 days | E4: Priority key: Critical = correct within 7 days | High = 14 days | Medium = 30 days | Low = 45 days | F4: Priority key: Critical = correct within 7 days | High = 14 days | Medium = 30 days | Low = 45 days | G4: Priority key: Critical = correct within 7 days | High = 14 days | Medium = 30 days | Low = 45 days | H4: Priority key: Critical = correct within 7 days | High = 14 days | Medium = 30 days | Low = 45 days | I4: Priority key: Critical = correct within 7 days | High = 14 days | Medium = 30 days | Low = 45 days | J4: Priority key: Critical = correct within 7 days | High = 14 days | Medium = 30 days | Low = 45 days | K4: Priority key: Critical = correct within 7 days | High = 14 days | Medium = 30 days | Low = 45 days | L4: Priority key: Critical = correct within 7 days | High = 14 days | Medium = 30 days | Low = 45 days
A6: ID | B6: Area | C6: Finding | D6: Current Evidence | E6: Risk / Impact | F6: Recommended Correction | G6: Priority | H6: Status | I6: Owner | J6: Verification Required | K6: Target Date | L6: Source URL
A7: C-001 | B7: Programme facts | C7: Age ranges are inconsistent. | D7: Homepage shows U6 ages 3–5 and general ages 4–18+; U6 page title/body refers to ages 4–6; registration accepts age 3. | E7: AI systems and parents may receive contradictory answers. | F7: Approve one official age matrix and apply it to every programme page, FAQ, form, schema and listing. | G7: High | H7: Needs Confirmation | I7: Academy Owner | J7: Compare all programme pages after update | K7: =IF(G7="Critical",'Executive Summary'!$B$4+7,IF(G7="High",'Executive Summary'!$B$4+14,IF(G7="Medium",'Executive Summary'!$B$4+30,'Executive Summary'!$B$4+45))) -> 46264 | L7: https://touchlinesport.ae/; https://touchlinesport.ae/academy/u6/; https://touchlinesport.ae/register/
A8: C-002 | B8: Girls programme | C8: Programme availability is contradictory. | D8: Homepage says launching soon, while other sections and registration show Girls Football as available. | E8: Parents may book a programme that is not operating; AI answers may be unreliable. | F8: Confirm Active, Waitlist or Launching Soon. Use the same status, age range, location and schedule everywhere. | G8: High | H8: Needs Confirmation | I8: Academy Owner | J8: Check homepage, programme page, registration and locations FAQ | K8: =IF(G8="Critical",'Executive Summary'!$B$4+7,IF(G8="High",'Executive Summary'!$B$4+14,IF(G8="Medium",'Executive Summary'!$B$4+30,'Executive Summary'!$B$4+45))) -> 46264 | L8: https://touchlinesport.ae/; https://touchlinesport.ae/academy/girls-program/; https://touchlinesport.ae/register/
A9: C-003 | B9: Contact details | C9: Telephone numbers differ across public profiles. | D9: Website uses +971 56 130 0850; public social/directory results display other numbers. | E9: Lost enquiries and weakened entity consistency across search and AI systems. | F9: Select one primary number. If branch numbers differ, label each clearly. Correct every owned and third-party listing. | G9: Critical | H9: Open | I9: Marketing / Admin | J9: Call every published number and recheck listings | K9: =IF(G9="Critical",'Executive Summary'!$B$4+7,IF(G9="High",'Executive Summary'!$B$4+14,IF(G9="Medium",'Executive Summary'!$B$4+30,'Executive Summary'!$B$4+45))) -> 46257 | L9: https://touchlinesport.ae/; https://www.instagram.com/touchline_academy/; https://tickikids.com/ae-du/touchline-sport-academy/
A10: C-004 | B10: Opening hours | C10: Operating hours are inconsistent. | D10: Locations page shows 4:00–10:00 PM; structured data shows 10:00 AM–10:00 PM; adult search text has displayed 24/7 wording. | E10: Wrong visit expectations and inconsistent machine-readable facts. | F10: Publish exact customer-service and training hours by branch and programme. Align page text, metadata, schema and map profiles. | G10: High | H10: Needs Confirmation | I10: Academy Owner | J10: Validate hours in page text, source schema and map profiles | K10: =IF(G10="Critical",'Executive Summary'!$B$4+7,IF(G10="High",'Executive Summary'!$B$4+14,IF(G10="Medium",'Executive Summary'!$B$4+30,'Executive Summary'!$B$4+45))) -> 46264 | L10: https://touchlinesport.ae/locations/; https://touchlinesport.ae/academy/adult-training/
A11: C-005 | B11: Reviews | C11: Rating and review count require current verification. | D11: Website states 4.9 from 200+ reviews; other public listings show different figures. | E11: Outdated or unsupported review claims reduce credibility. | F11: Use the exact current Google rating/count, link the correct profile and record the verified date. Update quarterly. | G11: High | H11: Needs Confirmation | I11: Marketing / Admin | J11: Screenshot current Google profile and test review link | K11: =IF(G11="Critical",'Executive Summary'!$B$4+7,IF(G11="High",'Executive Summary'!$B$4+14,IF(G11="Medium",'Executive Summary'!$B$4+30,'Executive Summary'!$B$4+45))) -> 46264 | L11: https://touchlinesport.ae/; https://kidshub.ae/academy/touchline-football-academy
A12: C-006 | B12: Brand claims | C12: Superlatives are used extensively without cited proof. | D12: Best, #1, leading, premier, world-class and proven results recur across pages and schema. | E12: Self-asserted claims are less trustworthy than independently verifiable facts. | F12: Reduce unsupported superlatives. Lead with licensed coaches, locations, free trial, programme structure, verified ratings and real outcomes. | G12: Medium | H12: Open | I12: Website Admin | J12: Editorial review of titles, headings, FAQs and schema | K12: =IF(G12="Critical",'Executive Summary'!$B$4+7,IF(G12="High",'Executive Summary'!$B$4+14,IF(G12="Medium",'Executive Summary'!$B$4+30,'Executive Summary'!$B$4+45))) -> 46280 | L12: https://touchlinesport.ae/; https://touchlinesport.ae/about-us/
A13: C-007 | B13: Pricing | C13: Pricing is present in structured data but not clearly explained to visitors. | D13: Schema states AED 300–800; public pages generally ask visitors to enquire for fees. | E13: AI may surface a price range that parents cannot verify on-page. | F13: Confirm the range. Publish a dated fee/package table or remove priceRange from schema until accurate public pricing is available. | G13: Medium | H13: Needs Confirmation | I13: Academy Owner | J13: Reconcile public fee table with schema and sales quotation | K13: =IF(G13="Critical",'Executive Summary'!$B$4+7,IF(G13="High",'Executive Summary'!$B$4+14,IF(G13="Medium",'Executive Summary'!$B$4+30,'Executive Summary'!$B$4+45))) -> 46280 | L13: https://touchlinesport.ae/; https://touchlinesport.ae/football-academy-dubai/
A14: C-008 | B14: Local pages | C14: Two branches share one combined location page. | D14: Al Nahda has coordinates in main schema; Al Warqa lacks equally complete branch information and coordinates. | E14: Reduced relevance for branch-specific searches and recommendations. | F14: Create dedicated Al Nahda and Al Warqa pages with full address, map, coordinates, transport, parking, schedules, programmes and branch-specific schema. | G14: High | H14: Open | I14: Website Admin | J14: Validate both pages and structured data | K14: =IF(G14="Critical",'Executive Summary'!$B$4+7,IF(G14="High",'Executive Summary'!$B$4+14,IF(G14="Medium",'Executive Summary'!$B$4+30,'Executive Summary'!$B$4+45))) -> 46264 | L14: https://touchlinesport.ae/locations/
A15: C-009 | B15: AI crawler access | C15: OAI-SearchBot is not explicitly listed in robots.txt. | D15: GPTBot and ChatGPT-User are allowed, but OpenAI identifies OAI-SearchBot as its search crawler. | E15: ChatGPT search discovery may not be optimally declared. | F15: Add an explicit OAI-SearchBot Allow rule and retain general crawl access. Recheck after deployment. | G15: High | H15: Open | I15: Website Admin | J15: Open robots.txt and confirm OAI-SearchBot rule | K15: =IF(G15="Critical",'Executive Summary'!$B$4+7,IF(G15="High",'Executive Summary'!$B$4+14,IF(G15="Medium",'Executive Summary'!$B$4+30,'Executive Summary'!$B$4+45))) -> 46264 | L15: https://touchlinesport.ae/robots.txt; https://developers.openai.com/api/docs/bots
A16: C-010 | B16: Sitemap freshness | C16: Sitemap modification dates are stale or manually maintained. | D16: Most lastmod values remain in February/March 2026 despite later page changes. | E16: Search systems receive weak freshness signals and new updates may be discovered later. | F16: Generate sitemap dates automatically from actual deployments and add any new articles or location pages. | G16: Medium | H16: Open | I16: Website Admin | J16: Compare sitemap lastmod dates with deployed page updates | K16: =IF(G16="Critical",'Executive Summary'!$B$4+7,IF(G16="High",'Executive Summary'!$B$4+14,IF(G16="Medium",'Executive Summary'!$B$4+30,'Executive Summary'!$B$4+45))) -> 46280 | L16: https://touchlinesport.ae/sitemap.xml
A17: C-011 | B17: Business email | C17: A Gmail address is used as the main public contact. | D17: touchlinedxb@gmail.com appears across the site. | E17: Not a direct ranking problem, but a domain email improves brand consistency and professionalism. | F17: Create and publish info@touchlinesport.ae or academy@touchlinesport.ae while forwarding the existing mailbox. | G17: Low | H17: Open | I17: IT / Admin | J17: Send and receive test messages; update footer and forms | K17: =IF(G17="Critical",'Executive Summary'!$B$4+7,IF(G17="High",'Executive Summary'!$B$4+14,IF(G17="Medium",'Executive Summary'!$B$4+30,'Executive Summary'!$B$4+45))) -> 46295 | L17: https://touchlinesport.ae/
A18: C-012 | B18: Map profiles | C18: Branch map identity needs verification. | D18: The website refers to two locations, but unique verified Google profile links for each branch are not clearly presented in the inspected content. | E18: AI and local search may not reliably connect each branch to the academy. | F18: Maintain one eligible, accurate profile per physical staffed location and link each branch page to the exact profile/map. | G18: High | H18: Needs Confirmation | I18: Marketing / Admin | J18: Verify ownership, names, categories, phones and map pins | K18: =IF(G18="Critical",'Executive Summary'!$B$4+7,IF(G18="High",'Executive Summary'!$B$4+14,IF(G18="Medium",'Executive Summary'!$B$4+30,'Executive Summary'!$B$4+45))) -> 46264 | L18: https://touchlinesport.ae/locations/
... A26: C-020 | B26: Lead attribution | C26: The free-trial process does not visibly capture AI-source attribution. | D26: Registration collects participant and guardian details but no inspected source field identifies ChatGPT, Gemini or other channels. | E26: Visibility improvements cannot be connected reliably to trials, registrations or revenue. | F26: Add ‘How did you hear about us?’ options and UTM/landing-page tracking; report trial-to-paid conversion by source monthly. | G26: High | H26: Open | I26: Marketing / Admin | J26: Submit test leads and confirm source reaches the lead tracker | K26: =IF(G26="Critical",'Executive Summary'!$B$4+7,IF(G26="High",'Executive Summary'!$B$4+14,IF(G26="Medium",'Executive Summary'!$B$4+30,'Executive Summary'!$B$4+45))) -> 46264 | L26: https://touchlinesport.ae/register/

Sheet Required Inputs
A1: Required Inputs & Confirmations | B1: Required Inputs & Confirmations | C1: Required Inputs & Confirmations | D1: Required Inputs & Confirmations | E1: Required Inputs & Confirmations | F1: Required Inputs & Confirmations
A2: Complete the yellow Owner-Confirmed Value column before factual corrections are published. | B2: Complete the yellow Owner-Confirmed Value column before factual corrections are published. | C2: Complete the yellow Owner-Confirmed Value column before factual corrections are published. | D2: Complete the yellow Owner-Confirmed Value column before factual corrections are published. | E2: Complete the yellow Owner-Confirmed Value column before factual corrections are published. | F2: Complete the yellow Owner-Confirmed Value column before factual corrections are published.
A5: Input ID | B5: Information Required | C5: Current Public Value / Observation | D5: Owner-Confirmed Value | E5: Status | F5: Evidence / Document
A6: I-001 | B6: Official primary brand name | C6: Touchline Sports Academy; variants appear publicly | E6: =IF(D6<>"","Provided","Needs Confirmation") -> Needs Confirmation | F6: Trade licence / approved brand standard
A7: I-002 | B7: Primary customer telephone | C7: +971 56 130 0850 on website; other numbers appear externally | E7: =IF(D7<>"","Provided","Needs Confirmation") -> Needs Confirmation | F7: Active SIM/WhatsApp confirmation
A8: I-003 | B8: Official programme age matrix | C8: Conflicting 3–5, 4–6 and 4–18+ references | E8: =IF(D8<>"","Provided","Needs Confirmation") -> Needs Confirmation | F8: Approved programme handbook
A9: I-004 | B9: Girls programme status, ages, branch and schedule | C9: Launching soon and available are both stated | E9: =IF(D9<>"","Provided","Needs Confirmation") -> Needs Confirmation | F9: Current operations schedule
A10: I-005 | B10: Al Nahda operating and training hours | C10: 4:00–10:00 PM shown on locations page | E10: =IF(D10<>"","Provided","Needs Confirmation") -> Needs Confirmation | F10: Approved timetable
A11: I-006 | B11: Al Warqa operating and training hours | C11: 4:00–10:00 PM shown on locations page | E11: =IF(D11<>"","Provided","Needs Confirmation") -> Needs Confirmation | F11: Approved timetable
A12: I-007 | B12: Adult programme session times | C12: Evenings/weekends stated; 24/7 wording has appeared in search text | E12: =IF(D12<>"","Provided","Needs Confirmation") -> Needs Confirmation | F12: Approved timetable
A13: I-008 | B13: Current fee and package table | C13: Schema states AED 300–800; detailed public fees unavailable | E13: =IF(D13<>"","Provided","Needs Confirmation") -> Needs Confirmation | F13: Approved price list
A14: I-009 | B14: Google profile links and current rating/count | C14: Website states 4.9 and 200+ reviews | E14: =IF(D14<>"","Provided","Needs Confirmation") -> Needs Confirmation | F14: Profile links and dated screenshots
A15: I-010 | B15: Exact map address and coordinates for both branches | C15: Al Warqa data is less complete than Al Nahda | E15: =IF(D15<>"","Provided","Needs Confirmation") -> Needs Confirmation | F15: Google Maps links / venue agreement
A16: I-011 | B16: Named coach profiles and credentials | C16: CAF/AFC levels stated mostly in aggregate | E16: =IF(D16<>"","Provided","Needs Confirmation") -> Needs Confirmation | F16: Coach consent and certificate copies
A17: I-012 | B17: Academy licence, approval and affiliation wording | C17: FA/UEFA/CAF/AFC language varies by source | E17: =IF(D17<>"","Provided","Needs Confirmation") -> Needs Confirmation | F17: Trade/sports licences and affiliation letters
... A19: I-014 | B19: Website repository/access route | C19: Site is deployed through GitHub Pages | E19: =IF(D19<>"","Provided","Needs Confirmation") -> Needs Confirmation | F19: Repository access or website ZIP

Sheet 90-Day Plan
A1: 90-Day Implementation Plan | B1: 90-Day Implementation Plan | C1: 90-Day Implementation Plan | D1: 90-Day Implementation Plan | E1: 90-Day Implementation Plan | F1: 90-Day Implementation Plan | G1: 90-Day Implementation Plan | H1: 90-Day Implementation Plan
A2: Sequence corrections before content expansion so every channel uses verified information. | B2: Sequence corrections before content expansion so every channel uses verified information. | C2: Sequence corrections before content expansion so every channel uses verified information. | D2: Sequence corrections before content expansion so every channel uses verified information. | E2: Sequence corrections before content expansion so every channel uses verified information. | F2: Sequence corrections before content expansion so every channel uses verified information. | G2: Sequence corrections before content expansion so every channel uses verified information. | H2: Sequence corrections before content expansion so every channel uses verified information.
A5: Phase | B5: Timing | C5: Action | D5: Deliverable | E5: Owner | F5: Dependency | G5: Success Check | H5: Status
A6: 1 — Verify | B6: Days 1–3 | C6: Approve the academy fact sheet. | D6: Confirmed name, phones, ages, programmes, hours, fees, branch details, reviews and credentials. | E6: Academy Owner | F6: Required Inputs completed | G6: All critical fields approved with evidence | H6: Not Started
A7: 1 — Correct | B7: Days 4–7 | C7: Correct critical contact, listing and licensing conflicts. | D7: Website and priority profiles use approved facts. | E7: Marketing / Admin | F7: Approved fact sheet | G7: No conflicting phone or unsupported approval claims in top branded results | H7: Not Started
A8: 1 — Correct | B8: Days 8–14 | C8: Align ages, girls status, hours, reviews and pricing. | D8: Consistent homepage, programme pages, registration, footer and schema. | E8: Website Admin | F8: Approved fact sheet | G8: Cross-page factual audit passes | H8: Not Started
A9: 2 — Local | B9: Days 15–25 | C9: Create dedicated branch pages. | D9: Al Nahda and Al Warqa pages with maps, schedules, programmes and branch schema. | E9: Website Admin | F9: Map links and coordinates | G9: Both pages indexed and linked from navigation | H9: Not Started
A10: 2 — Technical | B10: Days 15–25 | C10: Update robots, sitemap, clean URLs and redirects. | D10: OAI-SearchBot rule, current sitemap dates, stable slugs and verified canonicals. | E10: Website Admin | F10: Repository access | G10: Technical validation completed | H10: Not Started
A11: 2 — Evidence | B11: Days 20–35 | C11: Publish coach and academy proof. | D11: Named coach profiles, accurate licensing wording and verified review links. | E11: Academy Owner | F11: Documents and consent | G11: Every public credential claim is traceable | H11: Not Started
A12: 3 — Content | B12: Days 30–60 | C12: Publish useful local and programme content. | D12: Two evidence-based pages/articles per month plus branch and programme FAQs. | E12: Marketing / Admin | F12: Verified facts | G12: New pages indexed; no duplicate generic content | H12: Not Started
A13: 3 — Listings | B13: Days 30–60 | C13: Correct and expand authoritative public citations. | D13: Updated social profiles, family-activity directories, venue/partner pages and tournament references. | E13: Marketing / Admin | F13: Approved fact sheet | G13: Top 10 branded results show consistent identity | H13: Not Started
A14: 4 — Measure | B14: Days 1–90 | C14: Track 15 buyer questions and conversion sources. | D14: Monthly prompt, traffic, trial and paid-registration report. | E14: Marketing / Admin | F14: Monitoring tool and lead-source field | G14: Visibility and conversion baseline established | H14: Not Started
A15: 4 — Review | B15: Day 90 | C15: Decide whether to continue, expand or use a managed platform. | D15: 90-day decision memo based on citations, enquiries, trials and registrations. | E15: Academy Owner | F15: Three months of data | G15: Decision based on revenue impact, not visibility score alone | H15: Not Started

Sheet Monitoring Prompts
A1: AI & Search Monitoring Prompts | B1: AI & Search Monitoring Prompts | C1: AI & Search Monitoring Prompts | D1: AI & Search Monitoring Prompts | E1: AI & Search Monitoring Prompts | F1: AI & Search Monitoring Prompts | G1: AI & Search Monitoring Prompts | H1: AI & Search Monitoring Prompts | I1: AI & Search Monitoring Prompts | J1: AI & Search Monitoring Prompts | K1: AI & Search Monitoring Prompts
A2: Record platform results consistently each month. Use Yes, No or Not Checked and retain evidence links/screenshots. | B2: Record platform results consistently each month. Use Yes, No or Not Checked and retain evidence links/screenshots. | C2: Record platform results consistently each month. Use Yes, No or Not Checked and retain evidence links/screenshots. | D2: Record platform results consistently each month. Use Yes, No or Not Checked and retain evidence links/screenshots. | E2: Record platform results consistently each month. Use Yes, No or Not Checked and retain evidence links/screenshots. | F2: Record platform results consistently each month. Use Yes, No or Not Checked and retain evidence links/screenshots. | G2: Record platform results consistently each month. Use Yes, No or Not Checked and retain evidence links/screenshots. | H2: Record platform results consistently each month. Use Yes, No or Not Checked and retain evidence links/screenshots. | I2: Record platform results consistently each month. Use Yes, No or Not Checked and retain evidence links/screenshots. | J2: Record platform results consistently each month. Use Yes, No or Not Checked and retain evidence links/screenshots. | K2: Record platform results consistently each month. Use Yes, No or Not Checked and retain evidence links/screenshots.
A5: Prompt ID | B5: Buyer Question | C5: Primary Area | D5: Service / Audience | E5: Priority | F5: ChatGPT | G5: Gemini | H5: Perplexity | I5: Copilot | J5: Coverage | K5: Evidence / Notes
A6: P-001 | B6: What is the best football academy for children in Al Nahda, Dubai? | C6: Al Nahda | D6: Kids | E6: High | F6: Not Checked | G6: Not Checked | H6: Not Checked | I6: Not Checked | J6: =IF(COUNTIF(F6:I6,"Not Checked")=4,"Not measured",COUNTIF(F6:I6,"Yes")/4) -> Not measured
A7: P-002 | B7: Which football academies are near Stadium Metro Station? | C7: Al Nahda | D7: Local access | E7: High | F7: Not Checked | G7: Not Checked | H7: Not Checked | I7: Not Checked | J7: =IF(COUNTIF(F7:I7,"Not Checked")=4,"Not measured",COUNTIF(F7:I7,"Yes")/4) -> Not measured
A8: P-003 | B8: Where can I book a free football trial for my child in Al Nahda? | C8: Al Nahda | D8: Free trial | E8: High | F8: Not Checked | G8: Not Checked | H8: Not Checked | I8: Not Checked | J8: =IF(COUNTIF(F8:I8,"Not Checked")=4,"Not measured",COUNTIF(F8:I8,"Yes")/4) -> Not measured
A9: P-004 | B9: What is the best kids football academy in Al Warqa, Dubai? | C9: Al Warqa | D9: Kids | E9: High | F9: Not Checked | G9: Not Checked | H9: Not Checked | I9: Not Checked | J9: =IF(COUNTIF(F9:I9,"Not Checked")=4,"Not measured",COUNTIF(F9:I9,"Yes")/4) -> Not measured
A10: P-005 | B10: Which football academies near Mirdif offer a free trial? | C10: Al Warqa / Mirdif | D10: Free trial | E10: High | F10: Not Checked | G10: Not Checked | H10: Not Checked | I10: Not Checked | J10: =IF(COUNTIF(F10:I10,"Not Checked")=4,"Not measured",COUNTIF(F10:I10,"Yes")/4) -> Not measured
A11: P-006 | B11: Football training for a three-year-old near Al Nahda | C11: Al Nahda | D11: Pre-U6 | E11: High | F11: Not Checked | G11: Not Checked | H11: Not Checked | I11: Not Checked | J11: =IF(COUNTIF(F11:I11,"Not Checked")=4,"Not measured",COUNTIF(F11:I11,"Yes")/4) -> Not measured
A12: P-007 | B12: Affordable football academy for children in Dubai | C12: Dubai | D12: Kids / price | E12: Medium | F12: Not Checked | G12: Not Checked | H12: Not Checked | I12: Not Checked | J12: =IF(COUNTIF(F12:I12,"Not Checked")=4,"Not measured",COUNTIF(F12:I12,"Yes")/4) -> Not measured
A13: P-008 | B13: Football academy with licensed coaches in Dubai | C13: Dubai | D13: Trust | E13: High | F13: Not Checked | G13: Not Checked | H13: Not Checked | I13: Not Checked | J13: =IF(COUNTIF(F13:I13,"Not Checked")=4,"Not measured",COUNTIF(F13:I13,"Yes")/4) -> Not measured
A14: P-009 | B14: Football academy with small group training in Dubai | C14: Dubai | D14: Programme quality | E14: Medium | F14: Not Checked | G14: Not Checked | H14: Not Checked | I14: Not Checked | J14: =IF(COUNTIF(F14:I14,"Not Checked")=4,"Not measured",COUNTIF(F14:I14,"Yes")/4) -> Not measured
A15: P-010 | B15: Adult football coaching near Al Nahda, Dubai | C15: Al Nahda | D15: Adults | E15: Medium | F15: Not Checked | G15: Not Checked | H15: Not Checked | I15: Not Checked | J15: =IF(COUNTIF(F15:I15,"Not Checked")=4,"Not measured",COUNTIF(F15:I15,"Yes")/4) -> Not measured
A16: P-011 | B16: Personal one-to-one football coaching in Dubai | C16: Dubai | D16: Personal coaching | E16: Medium | F16: Not Checked | G16: Not Checked | H16: Not Checked | I16: Not Checked | J16: =IF(COUNTIF(F16:I16,"Not Checked")=4,"Not measured",COUNTIF(F16:I16,"Yes")/4) -> Not measured
A17: P-012 | B17: Football training for teenagers in Al Warqa | C17: Al Warqa | D17: U14+ | E17: High | F17: Not Checked | G17: Not Checked | H17: Not Checked | I17: Not Checked | J17: =IF(COUNTIF(F17:I17,"Not Checked")=4,"Not measured",COUNTIF(F17:I17,"Yes")/4) -> Not measured
A18: P-013 | B18: Girls football academy near Al Warqa | C18: Al Warqa | D18: Girls | E18: Conditional | F18: Not Checked | G18: Not Checked | H18: Not Checked | I18: Not Checked | J18: =IF(COUNTIF(F18:I18,"Not Checked")=4,"Not measured",COUNTIF(F18:I18,"Yes")/4) -> Not measured | K18: Track only if programme is active.
A19: P-014 | B19: Corporate football team training in Dubai | C19: Dubai | D19: Corporate | E19: Low | F19: Not Checked | G19: Not Checked | H19: Not Checked | I19: Not Checked | J19: =IF(COUNTIF(F19:I19,"Not Checked")=4,"Not measured",COUNTIF(F19:I19,"Yes")/4) -> Not measured
A20: P-015 | B20: Football holiday camp for children in Dubai | C20: Dubai | D20: Seasonal camps | E20: Medium | F20: Not Checked | G20: Not Checked | H20: Not Checked | I20: Not Checked | J20: =IF(COUNTIF(F20:I20,"Not Checked")=4,"Not measured",COUNTIF(F20:I20,"Yes")/4) -> Not measured

Sheet Sources
A1: Public Sources Reviewed | B1: Public Sources Reviewed | C1: Public Sources Reviewed | D1: Public Sources Reviewed | E1: Public Sources Reviewed
A2: URLs are included as plain text for auditability. Public information should be rechecked before publication. | B2: URLs are included as plain text for auditability. Public information should be rechecked before publication. | C2: URLs are included as plain text for auditability. Public information should be rechecked before publication. | D2: URLs are included as plain text for auditability. Public information should be rechecked before publication. | E2: URLs are included as plain text for auditability. Public information should be rechecked before publication.
A5: Source ID | B5: Source Type | C5: URL | D5: Evidence / Purpose | E5: Checked Date
A6: S-001 | B6: Official website | C6: https://touchlinesport.ae/ | D6: Homepage claims, programmes, locations, contacts, reviews and structured data | E6: 46250
A7: S-002 | B7: Official website | C7: https://touchlinesport.ae/about-us/ | D7: Academy history, active players, coach/licensing and review claims | E7: 46250
A8: S-003 | B8: Official website | C8: https://touchlinesport.ae/locations/ | D8: Branch addresses, hours, parking, programme availability and contact information | E8: 46250
A9: S-004 | B9: Official website | C9: https://touchlinesport.ae/register/ | D9: Registration fields, accepted ages, programme list, locations and free-trial process | E9: 46250
A10: S-005 | B10: Official website | C10: https://touchlinesport.ae/academy/u6/ | D10: U6 age description and repeated programme-page content | E10: 46250
A11: S-006 | B11: Official website | C11: https://touchlinesport.ae/academy/adult-training/ | D11: Adult programme description and public search metadata | E11: 46250
A12: S-007 | B12: Official website | C12: https://touchlinesport.ae/academy/girls-program/ | D12: Girls programme positioning and age information | E12: 46250
A13: S-008 | B13: Technical | C13: https://touchlinesport.ae/robots.txt | D13: Crawler permissions | E13: 46250
A14: S-009 | B14: Technical | C14: https://touchlinesport.ae/sitemap.xml | D14: Indexed URL inventory and last-modified dates | E14: 46250
A15: S-010 | B15: Social profile | C15: https://www.instagram.com/touchline_academy/ | D15: Public brand, phone and programme information | E15: 46250
A16: S-011 | B16: Directory | C16: https://tickikids.com/ae-du/touchline-sport-academy/ | D16: Third-party phone, age, approval and programme information | E16: 46250
A17: S-012 | B17: Directory | C17: https://kidshub.ae/academy/touchline-football-academy | D17: Third-party location, age and rating information | E17: 46250
... A19: S-014 | B19: Official technical guidance | C19: https://developers.openai.com/api/docs/bots | D19: OpenAI crawler names and OAI-SearchBot purpose | E19: 46250
